Day,Data
25,-30
25.04167,-27.5
25.08333,-25.1
25.125,-27.3
25.16667,-22.4
25.20833,-23.7
25.25,-24.8
25.29167,-23.2
25.33333,-28
25.375,-27.9
25.41667,-27.4
25.45833,-27.3
25.5,-26.2
25.54167,-25.2
25.58333,-27.2
25.625,-26.6
25.66667,-23.1
25.70833,-23.7
25.75,-19.1
25.79167,-20.4
25.83333,-23.2
25.875,-24.3
25.91667,-22.2
25.95833,-26.1
26,-24.2
26.04167,-23.1
26.08333,-22.6
26.125,-19.6
26.16667,-18.5
26.20833,-18.3
26.25,-18.6
26.29167,-18.2
26.33333,-18.6
26.375,-21.6
26.41667,-23.1
26.45833,-22.6
26.5,-25.8
26.54167,-23.7
26.58333,-19.3
26.625,-20.9
26.66667,-23.9
26.70833,-24.6
26.75,-23.4
26.79167,-22.1
26.83333,-18.9
26.875,-25.1
26.91667,-23.4
26.95833,-21.9
27,-22.6
27.04167,-22
27.08333,-24.8
27.125,-26.8
27.16667,-28.5
27.20833,-24.9
27.25,-28
27.29167,-28.5
27.33333,-28.4
27.375,-27.1
27.41667,-28.2
27.45833,-27.9
27.5,-27.6
27.54167,-27.1
27.58333,-26.7
27.625,-26.5
27.66667,-26.3
27.70833,-26.4
27.75,-26.2
27.79167,-25.9
27.83333,-23.6
27.875,-24
27.91667,-22.7
27.95833,-22.3
28,-23.2
28.04167,-22.9
28.08333,-22.9
28.125,-22.1
28.16667,-22.4
28.20833,-20.3
28.25,-20.6
28.29167,-20.1
28.33333,-20.4
28.375,-20.4
28.41667,-20.1
28.45833,-20.4
28.5,-21.2
28.54167,-22
28.58333,-22
28.625,-23.6
28.66667,-23.9
28.70833,-25.8
28.75,-26.8
28.79167,-28
28.83333,-23.8
28.875,-21.7
28.91667,-20.6
28.95833,-23.6
29,-22.6
29.04167,-21.2
29.08333,-21
29.125,-20.6
29.16667,-20.9
29.20833,-22.1
29.25,-21.4
29.29167,-30.5
29.33333,-32.4
29.375,-30.4
29.41667,-26.5
29.45833,-26
29.5,-26.4
29.54167,-26.4
29.58333,-26.5
29.625,-26.2
29.66667,-27
29.70833,-28.1
29.75,-27.6
29.79167,-26.7
29.83333,-25.8
29.875,-27.1
29.91667,-24.6
29.95833,-31.1
30,-29.2
30.04167,-25.5
30.08333,-25.8
30.125,-26.5
30.16667,-25.3
30.20833,-28
30.25,-27.3
30.29167,-26.9
30.33333,-27.6
30.375,-27.8
30.41667,-27.2
30.45833,-27
30.5,-27.2
30.54167,-27.8
30.58333,-28.5
30.625,-28.2
30.66667,-27.8
30.70833,-28.9
30.75,-28.9
30.79167,-29.4
30.83333,-29.2
30.875,-27.7
30.91667,-26.6
30.95833,-27
31,-27.2
31.04167,-26.1
31.08333,-27
31.125,-29.5
31.16667,-31.1
31.20833,-31.1
31.25,-31.9
31.29167,-26.5
31.33333,-24.9
31.375,-31.5
31.41667,-28.5
31.45833,-30.4
31.5,-30.4
31.54167,-27.3
31.58333,-27.9
31.625,-29.6
31.66667,-30.5
31.70833,-26.3
31.75,-24
31.79167,-24.2
31.83333,-27.9
31.875,-30.1
31.91667,-30.4
31.95833,-21.4
32,-27.6
32.04167,-31.5
32.08333,-27.6
32.125,-27.9
32.16667,-25.9
32.20833,-25
32.25,-25.7
32.29167,-24.1
32.33333,-24.7
32.375,-24.5
32.41667,-23.7
32.45833,-27.6
32.5,-28
32.54167,-27.2
32.58333,-26.7
32.625,-24.7
32.66667,-24.8
32.70833,-22.4
32.75,-22.5
32.79167,-23.5
32.83333,-22.6
32.875,-23.9
32.91667,-23.6
32.95833,-25.2
33,-22.8
33.04167,-21.2
33.08333,-18.9
33.125,-18
33.16667,-16.2
33.20833,-17.1
33.25,-17.3
33.29167,-18
33.33333,-18.6
33.375,-18.4
33.41667,-17.6
33.45833,-17.3
33.5,-19
33.54167,-21.4
33.58333,-23.8
33.625,-24.3
33.66667,-24.3
33.70833,-24.3
33.75,-24.3
33.79167,-25
33.83333,-25.3
33.875,-24.3
33.91667,-23
33.95833,-22.7
34,-26.1
34.04167,-23.1
34.08333,-27.2
34.125,-25.5
34.16667,-24.7
34.20833,-24.5
34.25,-27.3
34.29167,-27.4
34.33333,-23.7
34.375,-26.3
34.41667,-24.8
34.45833,-21.8
34.5,-22.3
34.54167,-21.2
34.58333,-21.1
34.625,-22
34.66667,-22.5
34.70833,-22.8
34.75,-23.1
34.79167,-22.8
34.83333,-23.1
34.875,-23.6
34.91667,-24.7
34.95833,-23.7
35,-23.4
35.04167,-23.5
35.08333,-23.5
35.125,-23.9
35.16667,-24.4
35.20833,-23.9
35.25,-27.1
35.29167,-29.4
35.33333,-29.2
35.375,-31.8
35.41667,-33.3
35.45833,-34.2
35.5,-34.9
35.54167,-35.5
35.58333,-39
35.625,-36.5
35.66667,-33.3
35.70833,-36.8
35.75,-39.2
35.79167,-37.7
35.83333,-36
35.875,-34.7
35.91667,-38.5
35.95833,-40.2
36,-35.4
36.04167,-34.7
36.08333,-38.5
36.125,-36.8
36.16667,-37.2
36.20833,-33.6
36.25,-32.1
36.29167,-31
36.33333,-30.8
36.375,-31
36.41667,-30.9
36.45833,-31.3
36.5,-31.1
36.54167,-31.3
36.58333,-31.5
36.625,-31.6
36.66667,-31.4
36.70833,-31.8
36.75,-31.8
36.79167,-31.9
36.83333,-31.9
36.875,-31.9
36.91667,-32.3
36.95833,-32.8
37,-33
37.04167,-32.9
37.08333,-33
37.125,-33.2
37.16667,-33.6
37.20833,-34
37.25,-34.3
37.29167,-34.2
37.33333,-34.6
37.375,-34.8
37.41667,-36.1
37.45833,-35.1
37.5,-35
37.54167,-35.1
37.58333,-34.2
37.625,-34.3
37.66667,-34.3
37.70833,-34.8
37.75,-35.7
37.79167,-36.7
37.83333,-37.6
37.875,-35.5
37.91667,-35.6
37.95833,-35.7
38,-36.3
38.04167,-38.7
38.08333,-39.9
38.125,-37
38.16667,-36.5
38.20833,-34
38.25,-39
38.29167,-38.1
38.33333,-39.3
38.375,-36
38.41667,-38.6
38.45833,-39.5
38.5,-34.7
38.54167,-33.6
38.58333,-38
38.625,-37.6
38.66667,-40.7
38.70833,-35.7
38.75,-39.2
38.79167,-37.7
38.83333,-36.2
38.875,-36
38.91667,-34.4
38.95833,-33.4
39,-32.9
39.04167,-32.7
39.08333,-33.2
39.125,-33.3
39.16667,-33.1
39.20833,-32.8
39.25,-32.9
39.29167,-32.1
39.33333,-31.9
39.375,-31.8
39.41667,-31.4
39.45833,-31.4
39.5,-31.2
39.54167,-29.9
39.58333,-27.3
39.625,-25.4
39.66667,-25
39.70833,-25.6
39.75,-28
39.79167,-26.9
39.83333,-29.4
39.875,-30.4
39.91667,-30.5
39.95833,-30.2
40,-32
40.04167,-33.1
40.08333,-34.1
40.125,-34.2
40.16667,-34.7
40.20833,-35.2
40.25,-36.1
40.29167,-35.6
40.33333,-35
40.375,-35.1
40.41667,-36.4
40.45833,-37
40.5,-36.8
40.54167,-31.1
40.58333,-32.4
40.625,-30.6
40.66667,-32.7
40.70833,-32.1
40.75,-31.6
40.79167,-32
40.83333,-30.8
40.875,-32.4
40.91667,-31.2
40.95833,-31
41,-30.9
41.04167,-31.2
41.08333,-30.9
41.125,-30.1
41.16667,-34.1
41.20833,-31.6
41.25,-30.3
41.29167,-27.6
41.33333,-33.5
41.375,-32.2
41.41667,-32.2
41.45833,-35.5
41.5,-35.7
41.54167,-33.1
41.58333,-32.9
41.625,-40
41.66667,-37.8
41.70833,-33.5
41.75,-40.4
41.79167,-34.5
41.83333,-39.6
41.875,-37
41.91667,-35.9
41.95833,-43.4
42,-37.2
42.04167,-34
42.08333,-40.7
42.125,-34.7
42.16667,-35.6
42.20833,-36.2
42.25,-37.1
42.29167,-34
42.33333,-29.5
42.375,-30.7
42.41667,-30.2
42.45833,-38.8
42.5,-39.2
42.54167,-38.9
42.58333,-35.3
42.625,-32.9
42.66667,-31.5
42.70833,-34.9
42.75,-33.5
42.79167,-30.1
42.83333,-29.4
42.875,-28.7
42.91667,-30.1
42.95833,-33.5
43,-39.7
43.04167,-37.6
43.08333,-35.4
43.125,-35
43.16667,-34.9
43.20833,-32.2
43.25,-31.6
43.29167,-30.7
43.33333,-30.3
43.375,-32
43.41667,-33.7
43.45833,-32.3
43.5,-31.1
43.54167,-33.2
43.58333,-31.9
43.625,-37.9
43.66667,-33.8
43.70833,-28
43.75,-31.2
43.79167,-32.2
43.83333,-36.7
43.875,-32.8
43.91667,-33.9
43.95833,-32.3
44,-31.7
44.04167,-38.1
44.08333,-40.1
44.125,-35.7
44.16667,-35.5
44.20833,-43.7
44.25,-39
44.29167,-37.1
44.33333,-32.1
44.375,-30.1
44.41667,-32.6
44.45833,-34.8
44.5,-38.4
44.54167,-38.2
44.58333,-35.7
44.625,-33.9
44.66667,-34.3
44.70833,-37.4
44.75,-36.4
44.79167,-36.5
44.83333,-34.9
44.875,-31.5
44.91667,-28.4
44.95833,-28.5
45,-27.8
45.04167,-28.9
45.08333,-28.6
45.125,-28.3
45.16667,-27.3
45.20833,-28
45.25,-27.4
45.29167,-28.4
45.33333,-27.8
45.375,-28.9
45.41667,-31.1
45.45833,-33.8
45.5,-32.1
45.54167,-33.7
45.58333,-33.6
45.625,-33.8
45.66667,-34.1
45.70833,-32.7
45.75,-34.1
45.79167,-35.7
45.83333,-36.4
45.875,-36.1
45.91667,-35.9
45.95833,-37.1
46,-35.8
46.04167,-35.1
46.08333,-35.3
46.125,-35.9
46.16667,-37.2
46.20833,-37.6
46.25,-37.1
46.29167,-35.2
46.33333,-35.3
46.375,-34.7
46.41667,-34.6
46.45833,-37.6
46.5,-37.5
46.54167,-37
46.58333,-35.4
46.625,-35.1
46.66667,-34.5
46.70833,-35.1
46.75,-37
46.79167,-38.9
46.83333,-39
46.875,-38.4
46.91667,-37
46.95833,-34.7
47,-34.8
47.04167,-35.3
47.08333,-35
47.125,-35.1
47.16667,-35
47.20833,-34.5
47.25,-34.3
47.29167,-34.4
47.33333,-34.7
47.375,-36.4
47.41667,-33.9
47.45833,-34.2
47.5,-34.7
47.54167,-35.1
47.58333,-35
47.625,-35.2
47.66667,-34.3
47.70833,-34.4
47.75,-34.9
47.79167,-33.7
47.83333,-36
47.875,-34.4
47.91667,-33.1
47.95833,-34.9
48,-33.8
48.04167,-32.4
48.08333,-32.6
48.125,-34.2
48.16667,-33.4
48.20833,-33.1
48.25,-32.5
48.29167,-31.6
48.33333,-32.5
48.375,-32.3
48.41667,-32.4
48.45833,-31.6
48.5,-31.6
48.54167,-32.3
48.58333,-31.6
48.625,-33.3
48.66667,-33.2
48.70833,-34.6
48.75,-34.9
48.79167,-34.2
48.83333,-35.2
48.875,-35.5
48.91667,-36
48.95833,-37.1
49,-37.8
49.04167,-38.7
49.08333,-38
49.125,-37.3
49.16667,-36.3
49.20833,-36.3
49.25,-36.4
49.29167,-37.4
49.33333,-37
49.375,-37.7
49.41667,-35.6
49.45833,-36.1
49.5,-36.4
49.54167,-36.5
49.58333,-36.7
49.625,-37.6
49.66667,-38.9
49.70833,-38.8
49.75,-39.3
49.79167,-42.4
49.83333,-43.4
49.875,-41.5
49.91667,-44.1
49.95833,-41.9
50,-39.4
50.04167,-39.7
50.08333,-40.9
50.125,-39.3
50.16667,-39
50.20833,-36.9
50.25,-36.8
50.29167,-37.5
50.33333,-40.5
50.375,-36.6
50.41667,-36.7
50.45833,-38.6
50.5,-39.4
50.54167,-39.6
50.58333,-41.7
50.625,-43.3
50.66667,-43.2
50.70833,-42.1
50.75,-42.1
50.79167,-37.3
50.83333,-37.9
50.875,-37.5
50.91667,-36.6
50.95833,-34.5
51,-30.6
51.04167,-29.4
51.08333,-29.6
51.125,-28.9
51.16667,-29.8
51.20833,-27.8
51.25,-31.9
51.29167,-26.3
51.33333,-25.3
51.375,-29.6
51.41667,-32.6
51.45833,-31.9
51.5,-28.9
51.54167,-24.2
51.58333,-21.2
51.625,-29.8
51.66667,-27.9
51.70833,-25
51.75,-28.1
51.79167,-27.7
51.83333,-27
51.875,-27.1
51.91667,-27.1
51.95833,-27.3
52,-24.9
52.04167,-26.7
52.08333,-26.1
52.125,-26.4
52.16667,-25.7
52.20833,-28.7
52.25,-30.1
52.29167,-31
52.33333,-29.3
52.375,-29.8
52.41667,-27.1
52.45833,-14.9
52.5,-17.6
52.54167,-17
52.58333,-17
52.625,-14.5
52.66667,-15.8
52.70833,-15.8
52.75,-16.3
52.79167,-16.3
52.83333,-16.4
52.875,-17.4
52.91667,-16.6
52.95833,-17.6
53,-18.5
53.04167,-17.8
53.08333,-18
53.125,-18.5
53.16667,-20.9
53.20833,-23.6
53.25,-23.3
53.29167,-25.3
53.33333,-27.2
53.375,-27.7
53.41667,-27.3
53.45833,-26.5
53.5,-26.4
53.54167,-27.1
53.58333,-26.7
53.625,-27.6
53.66667,-27.2
53.70833,-27.8
53.75,-27.7
53.79167,-29
53.83333,-29.7
53.875,-31.5
53.91667,-30.9
53.95833,-31.8
54,-31.7
54.04167,-30.6
54.08333,-30.7
54.125,-27.9
54.16667,-25.1
54.20833,-29.9
54.25,-29.8
54.29167,-28.2
54.33333,-27.4
54.375,-26.5
54.41667,-25.9
54.45833,-25.6
54.5,-31.8
54.54167,-33.8
54.58333,-34
54.625,-35.4
54.66667,-37.3
54.70833,-27.8
54.75,-28.7
54.79167,-35.7
54.83333,-27
54.875,-25.8
54.91667,-26.4
54.95833,-28.2
55,-29.1
55.04167,-33
55.08333,-33.9
55.125,-28
55.16667,-31.2
55.20833,-31.9
55.25,-35.7
55.29167,-33.2
55.33333,-30.4
55.375,-27.5
55.41667,-28.3
55.45833,-29.7
55.5,-25
55.54167,-22.7
55.58333,-26.4
55.625,-26.8
55.66667,-22.7
55.70833,-22.4
55.75,-28.5
55.79167,-30.6
55.83333,-29.3
55.875,-26.9
55.91667,-20.5
55.95833,-21
56,-19.9
56.04167,-20.8
56.08333,-25.3
56.125,-20.8
56.16667,-23.4
56.20833,-18.2
56.25,-21
56.29167,-19.5
56.33333,-20.3
56.375,-18.6
56.41667,-21
56.45833,-21
56.5,-21.7
56.54167,-21.5
56.58333,-18.6
56.625,-17.6
56.66667,-17.3
56.70833,-17.3
56.75,-27.1
56.79167,-26.3
56.83333,-21.6
56.875,-19.7
56.91667,-20.4
56.95833,-18.8
57,-19.9
57.04167,-18.9
57.08333,-17.7
57.125,-17.7
57.16667,-18.4
57.20833,-16.6
57.25,-16.3
57.29167,-17.2
57.33333,-17.2
57.375,-17.4
57.41667,-16.8
57.45833,-16.3
57.5,-17.5
57.54167,-22.2
57.58333,-21.2
57.625,-19.8
57.66667,-18.5
57.70833,-17.1
57.75,-18.4
57.79167,-20.6
57.83333,-19.2
57.875,-19.1
57.91667,-20.9
57.95833,-19.6
58,-20.2
58.04167,-18.6
58.08333,-18
58.125,-18.6
58.16667,-19.7
58.20833,-18.2
58.25,-18.4
58.29167,-19.6
58.33333,-19.6
58.375,-19.9
58.41667,-18.5
58.45833,-16.7
58.5,-16.3
58.54167,-17.1
58.58333,-18.9
58.625,-18.3
58.66667,-14.3
58.70833,-17.3
58.75,-18.5
58.79167,-19.1
58.83333,-19.5
58.875,-17.9
58.91667,-18.6
58.95833,-19.5
59,-20.2
59.04167,-23.1
59.08333,-21.5
59.125,-23.5
59.16667,-25
59.20833,-24.9
59.25,-24.6
59.29167,-24.9
59.33333,-27
59.375,-25.1
59.41667,-25
59.45833,-27.4
59.5,-25.5
59.54167,-25.8
59.58333,-26.2
59.625,-23.7
59.66667,-24.5
59.70833,-27.8
59.75,-30.9
59.79167,-27.9
59.83333,-29.6
59.875,-29.4
59.91667,-29.9
59.95833,-29.6
60,-28.6
60.04167,-28.1
60.08333,-28.8
60.125,-30.4
60.16667,-30.5
60.20833,-34.7
60.25,-32.2
60.29167,-22.4
60.33333,-22.7
60.375,-22.9
60.41667,-22.2
60.45833,-21.8
60.5,-21.1
60.54167,-20.8
60.58333,-21.1
60.625,-22.1
60.66667,-18.9
60.70833,-19.7
60.75,-20.3
60.79167,-18.2
60.83333,-17.4
60.875,-15.5
60.91667,-15.1
60.95833,-12
61,-11.6
61.04167,-10.5
61.08333,-12.7
61.125,-14.3
61.16667,-17.8
61.20833,-16.3
61.25,-18.1
61.29167,-18.4
61.33333,-22.6
61.375,-19
61.41667,-16.1
61.45833,-15.8
61.5,-13.9
61.54167,-14.1
61.58333,-14.5
61.625,-14.7
61.66667,-16.4
61.70833,-19.1
61.75,-21.2
61.79167,-22
61.83333,-22.7
61.875,-22.8
61.91667,-21.7
61.95833,-20
62,-19.2
62.04167,-20.2
62.08333,-23.6
62.125,-23.2
62.16667,-21.4
62.20833,-19.7
62.25,-22.5
62.29167,-24.3
62.33333,-23.5
62.375,-24.7
62.41667,-23.8
62.45833,-21.4
62.5,-19.5
62.54167,-25.3
62.58333,-25.6
62.625,-25.7
62.66667,-23
62.70833,-22.5
62.75,-17.8
62.79167,-17.5
62.83333,-23.9
62.875,-25.2
62.91667,-23.8
62.95833,-25.4
63,-23.8
63.04167,-25.9
63.08333,-21.4
63.125,-22.5
63.16667,-22
63.20833,-24.3
63.25,-22.9
63.29167,-22.1
63.33333,-20.5
63.375,-19.3
63.41667,-24.1
63.45833,-29.5
63.5,-25.9
63.54167,-23.6
63.58333,-17.5
63.625,-16.4
63.66667,-16.8
63.70833,-17.7
63.75,-24.9
63.79167,-24.2
63.83333,-23.3
63.875,-24.7
63.91667,-23.5
63.95833,-23.5
64,-23.4
64.04167,-22
64.08333,-24.1
64.125,-25.3
64.16667,-22.6
64.20833,-20.2
64.25,-20.1
64.29167,-21
64.33333,-22.4
64.375,-24.6
64.41667,-25.8
64.45833,-20.9
64.5,-20.7
64.54167,-21.7
64.58333,-20.2
64.625,-18.7
64.66667,-19.4
64.70833,-19.8
64.75,-19.8
64.79167,-17.9
64.83333,-17
64.875,-17.8
64.91667,-18.4
64.95833,-17.9
65,-17.5
65.04167,-19.7
65.08333,-16.4
65.125,-18.3
65.16667,-17.3
65.20833,-18.9
65.25,-20.1
65.29167,-23.3
65.33333,-23.2
65.375,-22.3
65.41667,-19.8
65.45833,-21.9
65.5,-23.8
65.54167,-28.6
65.58333,-31.8
65.625,-29.2
65.66667,-27.8
65.70833,-28.2
65.75,-28.4
65.79167,-25.5
65.83333,-26.7
65.875,-23.8
65.91667,-22.4
65.95833,-22.1
66,-22.1
66.04167,-21.4
66.08333,-21
66.125,-20.3
66.16667,-19.8
66.20833,-18
66.25,-16.9
66.29167,-16.2
66.33333,-16.3
66.375,-14.3
66.41667,-13.6
66.45833,-15
66.5,-15.4
66.54167,-15.1
66.58333,-15.1
66.625,-14.2
66.66667,-14.3
66.70833,-13.8
66.75,-13.4
66.79167,-13.4
66.83333,-13.5
66.875,-13.5
66.91667,-13.4
66.95833,-13.4
67,-13.3
67.04167,-13.4
67.08333,-13.1
67.125,-12.7
67.16667,-12.5
67.20833,-12
67.25,-12.2
67.29167,-11.8
67.33333,-11.9
67.375,-11.8
67.41667,-11.8
67.45833,-11.9
67.5,-11.4
67.54167,-11.2
67.58333,-11.1
67.625,-11.3
67.66667,-10.8
67.70833,-11.3
67.75,-11.3
67.79167,-11.4
67.83333,-10.8
67.875,-10.9
67.91667,-10.9
67.95833,-11.3
68,-11.1
68.04167,-12
68.08333,-11.7
68.125,-12.3
68.16667,-13
68.20833,-13.4
68.25,-14.4
68.29167,-14.5
68.33333,-14.8
68.375,-14.3
68.41667,-15
68.45833,-15.5
68.5,-16.5
68.54167,-18
68.58333,-18.2
68.625,-18.4
68.66667,-18.7
68.70833,-18.6
68.75,-18.5
68.79167,-18.2
68.83333,-18.6
68.875,-18.3
68.91667,-19
68.95833,-20.4
69,-20.4
69.04167,-20.5
69.08333,-20.3
69.125,-20.9
69.16667,-20.9
69.20833,-20.2
69.25,-19.8
69.29167,-19.8
69.33333,-20.8
69.375,-21.3
69.41667,-20.5
69.45833,-20.4
69.5,-23.5
69.54167,-24.1
69.58333,-25.8
69.625,-27.1
69.66667,-25.6
69.70833,-27.2
69.75,-27
69.79167,-27.5
69.83333,-24.6
69.875,-20.7
69.91667,-23.8
69.95833,-27.6
70,-24.3
70.04167,-23.5
70.08333,-23.7
70.125,-23.5
70.16667,-22.8
70.20833,-23.1
70.25,-23.6
70.29167,-23.5
70.33333,-22.4
70.375,-21.4
70.41667,-21.2
70.45833,-22
70.5,-24
70.54167,-24.9
70.58333,-24.7
70.625,-25.4
70.66667,-26.6
70.70833,-27.2
70.75,-26.9
70.79167,-27.3
70.83333,-28.3
70.875,-28.5
70.91667,-27.7
70.95833,-28
71,-28.3
71.04167,-28.4
71.08333,-27.8
71.125,-28.1
71.16667,-29.4
71.20833,-28.7
71.25,-26.5
71.29167,-34.4
71.33333,-33.5
71.375,-25.6
71.41667,-32.4
71.45833,-29.9
71.5,-28.1
71.54167,-27.8
71.58333,-27.8
71.625,-25.3
71.66667,-24.8
71.70833,-34.9
71.75,-31.7
71.79167,-31.9
71.83333,-35.5
71.875,-35.1
71.91667,-31.2
71.95833,-29
72,-28.4
72.04167,-26.4
72.08333,-33.9
72.125,-30.2
72.16667,-30.1
72.20833,-31
72.25,-32.9
72.29167,-29.7
72.33333,-31.4
72.375,-30.8
72.41667,-30.1
72.45833,-28.6
72.5,-29.3
72.54167,-36.6
72.58333,-34.6
72.625,-30.1
72.66667,-26.6
72.70833,-26.3
72.75,-28.8
72.79167,-26.5
72.83333,-31.4
72.875,-29.6
72.91667,-30
72.95833,-30.5
73,-30.1
73.04167,-27.5
73.08333,-27
73.125,-29.1
73.16667,-28.3
73.20833,-33.9
73.25,-30.7
73.29167,-31.8
73.33333,-38
73.375,-32.1
73.41667,-35.2
73.45833,-35.3
73.5,-34.2
73.54167,-37.2
73.58333,-32.3
73.625,-27.3
73.66667,-31.9
73.70833,-21.9
73.75,-20.6
73.79167,-18.3
73.83333,-19.6
73.875,-19
73.91667,-20.1
73.95833,-21.1
74,-19.2
74.04167,-19.4
74.08333,-19.4
74.125,-20.6
74.16667,-19.9
74.20833,-20.1
74.25,-19.5
74.29167,-22.5
74.33333,-26.3
74.375,-26
74.41667,-29.3
74.45833,-30.5
74.5,-31.1
74.54167,-31.7
74.58333,-31
74.625,-29.8
74.66667,-28.2
74.70833,-28.3
74.75,-28
74.79167,-27.1
74.83333,-28
74.875,-27.7
74.91667,-26.3
74.95833,-27.2
75,-26.5
75.04167,-26.9
75.08333,-26.9
75.125,-27
75.16667,-25.8
75.20833,-26.2
75.25,-25
75.29167,-30.6
75.33333,-31
75.375,-30.1
75.41667,-29
75.45833,-30.4
75.5,-27.9
75.54167,-29.9
75.58333,-29.6
75.625,-30.5
75.66667,-30.6
75.70833,-31.6
75.75,-31.8
75.79167,-30.1
75.83333,-29.4
75.875,-32
75.91667,-30
75.95833,-28.8
76,-29.3
76.04167,-26.4
76.08333,-30.4
76.125,-28.9
76.16667,-28.7
76.20833,-29.1
76.25,-30.8
76.29167,-30.3
76.33333,-30.1
76.375,-30.8
76.41667,-30.4
76.45833,-31.7
76.5,-31.5
76.54167,-27.1
76.58333,-27.4
76.625,-30.7
76.66667,-32.6
76.70833,-33.5
76.75,-33.4
76.79167,-30.8
76.83333,-29.9
76.875,-32.2
76.91667,-26.7
76.95833,-25.6
77,-28.5
77.04167,-30.1
77.08333,-24.5
77.125,-24.2
77.16667,-23.2
77.20833,-26.5
77.25,-28.6
77.29167,-26.1
77.33333,-24
77.375,-28.7
77.41667,-26.9
77.45833,-27.6
77.5,-32.4
77.54167,-29.2
77.58333,-25.5
77.625,-22.2
77.66667,-21.9
77.70833,-26.7
77.75,-27.7
77.79167,-27.4
77.83333,-27.4
77.875,-27.6
77.91667,-26.5
77.95833,-25.9
78,-25.6
78.04167,-26.1
78.08333,-26.1
78.125,-28.3
78.16667,-30.2
78.20833,-31.6
78.25,-30.9
78.29167,-30.5
78.33333,-29.8
78.375,-29.8
78.41667,-28.2
78.45833,-27.6
78.5,-27.2
78.54167,-26.8
78.58333,-26.1
78.625,-25.6
78.66667,-25.6
78.70833,-24.5
78.75,-25.4
78.79167,-24.7
78.83333,-23
78.875,-21.1
78.91667,-17.9
78.95833,-17.9
79,-13.3
79.04167,-21.8
79.08333,-24
79.125,-25.1
79.16667,-25.7
79.20833,-26.5
79.25,-26.8
79.29167,-27
79.33333,-26.4
79.375,-26.1
79.41667,-26.8
79.45833,-26.3
79.5,-25.2
79.54167,-25.8
79.58333,-25.7
79.625,-23.9
79.66667,-23.4
79.70833,-21.2
79.75,-19.5
79.79167,-19.6
79.83333,-20.2
79.875,-18.7
79.91667,-17.4
79.95833,-19.6
80,-17.3
80.04167,-17.3
80.08333,-16.1
80.125,-17.5
80.16667,-16.9
80.20833,-18.9
80.25,-20.1
80.29167,-21.2
80.33333,-22
80.375,-21.6
80.41667,-19.9
80.45833,-26.1
80.5,-22.6
80.54167,-22.7
80.58333,-21.7
80.625,-24.9
80.66667,-25.8
80.70833,-25.1
80.75,-27.8
80.79167,-25.8
80.83333,-28.6
80.875,-31.7
80.91667,-28.3
80.95833,-27.6
81,-23.8
81.04167,-23.8
81.08333,-23.2
81.125,-21.3
81.16667,-25.7
81.20833,-21.5
81.25,-21.8
81.29167,-24.4
81.33333,-23.8
81.375,-23.9
81.41667,-24.7
81.45833,-24.7
81.5,-24.6
81.54167,-24.3
81.58333,-23.5
81.625,-22.8
81.66667,-23.6
81.70833,-22.9
81.75,-20.2
81.79167,-20.7
81.83333,-20.2
81.875,-20
81.91667,-19.8
81.95833,-19.3
82,-19.4
82.04167,-19.7
82.08333,-19.6
82.125,-17.7
82.16667,-21.8
82.20833,-23.3
82.25,-21.2
82.29167,-21.7
82.33333,-22.5
82.375,-23.7
82.41667,-26
82.45833,-23.2
82.5,-26.3
82.54167,-28.8
82.58333,-25.3
82.625,-29
82.66667,-27.4
82.70833,-24.8
82.75,-24.7
82.79167,-26.2
82.83333,-27
82.875,-26.5
82.91667,-26.9
82.95833,-25.4
83,-24.5
83.04167,-23.9
83.08333,-22.9
83.125,-21.7
83.16667,-21.3
83.20833,-22.9
83.25,-23.8
83.29167,-25.6
83.33333,-25.3
83.375,-25.2
83.41667,-26.1
83.45833,-25.6
83.5,-26.1
83.54167,-26.1
83.58333,-26.2
83.625,-25.5
83.66667,-25.8
83.70833,-25.1
83.75,-24.7
83.79167,-24.5
83.83333,-24.3
83.875,-24.5
83.91667,-24.6
83.95833,-23.7
84,-24.9
84.04167,-28.7
84.08333,-29.2
84.125,-27.7
84.16667,-27.3
84.20833,-28.2
84.25,-28.3
84.29167,-28.7
84.33333,-30.5
84.375,-30.6
84.41667,-31.1
84.45833,-29.3
84.5,-29.3
84.54167,-29.1
84.58333,-29.2
84.625,-29.2
84.66667,-29.7
84.70833,-29.4
84.75,-29.1
84.79167,-29.1
84.83333,-28.9
84.875,-28.9
84.91667,-28.7
84.95833,-28.6
85,-28.3
85.04167,-28.5
85.08333,-28.7
85.125,-28.6
85.16667,-29.1
85.20833,-29.5
85.25,-31
85.29167,-31.5
85.33333,-31.3
85.375,-31.6
85.41667,-31.3
85.45833,-31.4
85.5,-31.9
85.54167,-32.6
85.58333,-31.7
85.625,-31.2
85.66667,-31.8
85.70833,-31.2
85.75,-31.6
85.79167,-30.9
85.83333,-31
85.875,-31.3
85.91667,-31.3
85.95833,-30.9
86,-30.7
86.04167,-30.9
86.08333,-31.4
86.125,-33.2
86.16667,-32.5
86.20833,-31.5
86.25,-31.4
86.29167,-31.1
86.33333,-31.5
86.375,-33
86.41667,-34.6
86.45833,-35.6
86.5,-35.5
86.54167,-37.6
86.58333,-36.2
86.625,-38.7
86.66667,-38.5
86.70833,-36.8
86.75,-38.5
86.79167,-39.7
86.83333,-38.7
86.875,-39.7
86.91667,-37.2
86.95833,-34.2
87,-35.7
87.04167,-40
87.08333,-35.8
87.125,-39.3
87.16667,-37.8
87.20833,-39.8
87.25,-39.7
87.29167,-40.7
87.33333,-40.3
87.375,-38.6
87.41667,-38.9
87.45833,-37.9
87.5,-40.4
87.54167,-37.8
87.58333,-38
87.625,-36.5
87.66667,-37.8
87.70833,-35.3
87.75,-36.1
87.79167,-35.2
87.83333,-33.8
87.875,-34.3
87.91667,-33.7
87.95833,-34.1
88,-36.7
88.04167,-35.6
88.08333,-35.7
88.125,-35.4
88.16667,-37.1
88.20833,-36.5
88.25,-39.1
88.29167,-32.2
88.33333,-35
88.375,-33.5
88.41667,-32
88.45833,-33
88.5,-34.7
88.54167,-36
88.58333,-35
88.625,-35.7
88.66667,-36.9
88.70833,-36.1
88.75,-36.1
88.79167,-35.4
88.83333,-35.5
88.875,-33.5
88.91667,-33
88.95833,-33.8
89,-36.4
89.04167,-33.8
89.08333,-29.5
89.125,-30.8
89.16667,-31.9
89.20833,-30.6
89.25,-31.2
89.29167,-32
89.33333,-31.1
89.375,-35.4
89.41667,-31.9
89.45833,-29.9
89.5,-33.1
89.54167,-30.5
89.58333,-27.8
89.625,-28.2
89.66667,-28.6
89.70833,-28.2
89.75,-28.6
89.79167,-27.9
89.83333,-26.8
89.875,-26.9
89.91667,-26.1
89.95833,-24.9
90,-25.4
90.04167,-25.8
90.08333,-27.2
90.125,-27.7
90.16667,-26.6
90.20833,-31
90.25,-29.9
90.29167,-24.8
90.33333,-25.6
90.375,-28
90.41667,-28.5
90.45833,-29.2
90.5,-29.4
90.54167,-28.8
90.58333,-28
90.625,-28
90.66667,-27.7
90.70833,-25.7
90.75,-25.2
90.79167,-26.4
90.83333,-27.6
90.875,-26.1
90.91667,-25.2
90.95833,-24.9
91,-24.1
91.04167,-23.4
91.08333,-22.5
91.125,-21.9
91.16667,-22.1
91.20833,-20.8
91.25,-21.6
91.29167,-22.4
91.33333,-24.8
91.375,-23.7
91.41667,-22.2
91.45833,-20.3
91.5,-20.3
91.54167,-20.9
91.58333,-19.3
91.625,-21.2
91.66667,-23.4
91.70833,-23.8
91.75,-23.1
91.79167,-22.5
91.83333,-23
91.875,-23.8
91.91667,-25
91.95833,-25.5
92,-25.9
92.04167,-25.2
92.08333,-25.1
92.125,-24.8
92.16667,-25.1
92.20833,-25
92.25,-24.9
92.29167,-25.4
92.33333,-25.5
92.375,-25.5
92.41667,-25.5
92.45833,-25.2
92.5,-25
92.54167,-24.6
92.58333,-23.9
92.625,-23.6
92.66667,-23.1
92.70833,-22.5
92.75,-22.5
92.79167,-22.1
92.83333,-22.5
92.875,-22.3
92.91667,-22.1
92.95833,-20
93,-19.7
93.04167,-19.4
93.08333,-21.6
93.125,-19.7
93.16667,-20.7
93.20833,-20.7
93.25,-22.3
93.29167,-21.6
93.33333,-21.4
93.375,-19.7
93.41667,-20.1
93.45833,-22.2
93.5,-21.9
93.54167,-21.1
93.58333,-20.5
93.625,-20.5
93.66667,-20.8
93.70833,-18.5
93.75,-18.4
93.79167,-19.2
93.83333,-18.8
93.875,-21.3
93.91667,-18.1
93.95833,-20.3
94,-21.3
94.04167,-21
94.08333,-22.2
94.125,-23.4
94.16667,-22.4
94.20833,-24.1
94.25,-22.8
94.29167,-20.2
94.33333,-19.5
94.375,-20.7
94.41667,-22.1
94.45833,-21.4
94.5,-22.2
94.54167,-20.4
94.58333,-21.7
94.625,-22.1
94.66667,-22
94.70833,-22
94.75,-21.4
94.79167,-21.7
94.83333,-21.6
94.875,-21.3
94.91667,-19.6
94.95833,-20.5
95,-20.3
95.04167,-20.1
95.08333,-18.4
95.125,-18.6
95.16667,-19
95.20833,-18.7
95.25,-17.8
95.29167,-17.1
95.33333,-16.7
95.375,-16.4
95.41667,-16.4
95.45833,-17.6
95.5,-16.4
95.54167,-17.1
95.58333,-17
95.625,-16.1
95.66667,-16.3
95.70833,-17.2
95.75,-17.3
95.79167,-17.4
95.83333,-18.4
95.875,-18
95.91667,-16.9
95.95833,-18.9
96,-17.2
96.04167,-18.1
96.08333,-18
96.125,-17.7
96.16667,-17.1
96.20833,-16.6
96.25,-16.7
96.29167,-16.7
96.33333,-16.6
96.375,-16.5
96.41667,-16.4
96.45833,-16.1
96.5,-15.8
96.54167,-16
96.58333,-16.7
96.625,-15.3
96.66667,-15.6
96.70833,-15
96.75,-14.5
96.79167,-13
96.83333,-12.9
96.875,-13.6
96.91667,-14
96.95833,-12.7
97,-14.5
97.04167,-13.2
97.08333,-12.9
97.125,-12.6
97.16667,-13
97.20833,-15.6
97.25,-15
97.29167,-18.9
97.33333,-13.9
97.375,-14.9
97.41667,-13.4
97.45833,-13.1
97.5,-14.8
97.54167,-14
97.58333,-12.4
97.625,-19.4
97.66667,-20.9
97.70833,-21.3
97.75,-15.3
97.79167,-15.5
97.83333,-15.6
97.875,-16.2
97.91667,-15.9
97.95833,-17.6
98,-17.9
98.04167,-18.5
98.08333,-18.3
98.125,-17.9
98.16667,-17.7
98.20833,-18.2
98.25,-19.1
98.29167,-20.2
98.33333,-19.4
98.375,-19.3
98.41667,-18.8
98.45833,-17.6
98.5,-19.4
98.54167,-17.7
98.58333,-17.1
98.625,-16
98.66667,-15
98.70833,-15.3
98.75,-14.9
98.79167,-14.6
98.83333,-14.4
98.875,-14
98.91667,-13.6
98.95833,-13.9
99,-13.1
99.04167,-12.3
99.08333,-12.4
99.125,-12.5
99.16667,-12.1
99.20833,-11.7
99.25,-11.6
99.29167,-11.1
99.33333,-11
99.375,-10.9
99.41667,-10.6
99.45833,-10.3
99.5,-10.4
99.54167,-10.3
99.58333,-10.3
99.625,-10.2
99.66667,-10.2
99.70833,-10.3
99.75,-10
99.79167,-9.7
99.83333,-9.7
99.875,-10
99.91667,-10.6
99.95833,-11.7
100,-11.9
100.0417,-12.3
100.0833,-12.4
100.125,-12.6
100.1667,-13
100.2083,-13.2
100.25,-13.4
100.2917,-13.6
100.3333,-14
100.375,-14.5
100.4167,-14.5
100.4583,-14
100.5,-13.7
100.5417,-13
100.5833,-12.7
100.625,-12.4
100.6667,-12.3
100.7083,-12.9
100.75,-13.4
100.7917,-13.2
100.8333,-13.2
100.875,-12.3
100.9167,-11.2
100.9583,-10.9
101,-11.2
101.0417,-11.4
101.0833,-11
101.125,-11.3
101.1667,-12.2
101.2083,-12.9
101.25,-13
101.2917,-13
101.3333,-11.2
101.375,-12.1
101.4167,-11.7
101.4583,-11.8
101.5,-11.4
101.5417,-11.8
101.5833,-12.5
101.625,-12.8
101.6667,-13.3
101.7083,-14.4
101.75,-13.4
101.7917,-12.9
101.8333,-11.9
101.875,-14.1
101.9167,-16.1
101.9583,-15.4
102,-16.8
102.0417,-17.1
102.0833,-17.4
102.125,-17.9
102.1667,-20.6
102.2083,-20
102.25,-20.6
102.2917,-20.7
102.3333,-20.3
102.375,-20.3
102.4167,-19.6
102.4583,-19.3
102.5,-18.9
102.5417,-18.2
102.5833,-19.5
102.625,-21.3
102.6667,-18.6
102.7083,-19.1
102.75,-18.2
102.7917,-20
102.8333,-20.3
102.875,-18.4
102.9167,-16.5
102.9583,-15.9
103,-16.2
103.0417,-17.1
103.0833,-17.8
103.125,-19.1
103.1667,-17.4
103.2083,-16.4
103.25,-16.9
103.2917,-16.6
103.3333,-18.1
103.375,-19.6
103.4167,-18.6
103.4583,-19.2
103.5,-21.2
103.5417,-21.3
103.5833,-22.8
103.625,-23.9
103.6667,-23.5
103.7083,-23.7
103.75,-23.9
103.7917,-23.7
103.8333,-23.6
103.875,-23.5
103.9167,-23.1
103.9583,-23.8
104,-23.7
104.0417,-24.2
104.0833,-24.3
104.125,-25.2
104.1667,-24.8
104.2083,-24.8
104.25,-25
104.2917,-25.6
104.3333,-25.6
104.375,-25.6
104.4167,-25.4
104.4583,-26.1
104.5,-26.4
104.5417,-26.6
104.5833,-26.6
104.625,-27.2
104.6667,-26.9
104.7083,-26.8
104.75,-26.9
104.7917,-27.1
104.8333,-27
104.875,-27
104.9167,-26.5
104.9583,-26.9
105,-26.6
105.0417,-26.5
105.0833,-26.9
105.125,-27.8
105.1667,-27.6
105.2083,-27.8
105.25,-27.6
105.2917,-27.2
105.3333,-26.7
105.375,-26
105.4167,-26
105.4583,-27.1
105.5,-25.8
105.5417,-25.6
105.5833,-25.1
105.625,-25.9
105.6667,-27.5
105.7083,-25.1
105.75,-26.6
105.7917,-26
105.8333,-26.2
105.875,-26.1
105.9167,-26.2
105.9583,-25.9
106,-25.7
106.0417,-25.3
106.0833,-25.7
106.125,-27.1
106.1667,-25.3
106.2083,-28.5
106.25,-27.8
106.2917,-26.6
106.3333,-27
106.375,-28.4
106.4167,-30.7
106.4583,-28.4
106.5,-25.7
106.5417,-25.7
106.5833,-29.7
106.625,-28.3
106.6667,-27.1
106.7083,-26.5
106.75,-27.1
106.7917,-31.7
106.8333,-32.1
106.875,-32.9
106.9167,-37.7
106.9583,-32.1
107,-26.3
107.0417,-29.1
107.0833,-35.2
107.125,-37.4
107.1667,-36.4
107.2083,-35.4
107.25,-36.4
107.2917,-34.2
107.3333,-33.9
107.375,-34.2
107.4167,-33.8
107.4583,-30.7
107.5,-34.7
107.5417,-33.4
107.5833,-30.9
107.625,-33.5
107.6667,-34.1
107.7083,-33
107.75,-31.1
107.7917,-31.8
107.8333,-32.3
107.875,-25.8
107.9167,-25
107.9583,-24.1
108,-24.2
108.0417,-23.4
108.0833,-23.7
108.125,-22.9
108.1667,-24.5
108.2083,-25.7
108.25,-25.4
108.2917,-25
108.3333,-25.6
108.375,-27.2
108.4167,-29
108.4583,-30
108.5,-29.5
108.5417,-30.6
108.5833,-31.1
108.625,-31.2
108.6667,-30.8
108.7083,-30.2
108.75,-29.6
108.7917,-32.5
108.8333,-32.8
108.875,-31.3
108.9167,-30.4
108.9583,-30.4
109,-32.2
109.0417,-31.8
109.0833,-30.7
109.125,-32.1
109.1667,-32
109.2083,-30.8
109.25,-31.3
109.2917,-31.6
109.3333,-32
109.375,-32.2
109.4167,-32
109.4583,-30.7
109.5,-28.3
109.5417,-30.7
109.5833,-30.9
109.625,-29.8
109.6667,-29.4
109.7083,-29
109.75,-27.3
109.7917,-25.8
109.8333,-25.9
109.875,-25.8
109.9167,-24.8
109.9583,-23.9
110,-27.7
110.0417,-29.9
110.0833,-29.5
110.125,-28.3
110.1667,-28.9
110.2083,-28.8
110.25,-29.4
110.2917,-29.6
110.3333,-27.8
110.375,-30.2
110.4167,-28.2
110.4583,-29.6
110.5,-29.8
110.5417,-28.7
110.5833,-29.2
110.625,-28.4
110.6667,-27.7
110.7083,-26.8
110.75,-26.4
110.7917,-25
110.8333,-23.7
110.875,-20.4
110.9167,-18.5
110.9583,-18.4
111,-18
111.0417,-16.9
111.0833,-16.8
111.125,-15.8
111.1667,-15
111.2083,-14.1
111.25,-14.6
111.2917,-13.7
111.3333,-13.4
111.375,-13.3
111.4167,-12.6
111.4583,-12.8
111.5,-12.5
111.5417,-12.8
111.5833,-13
111.625,-12.5
111.6667,-12
111.7083,-11.5
111.75,-11.6
111.7917,-11.3
111.8333,-11.5
111.875,-12.8
111.9167,-12.4
111.9583,-12.1
112,-12
112.0417,-11.9
112.0833,-12
112.125,-12.6
112.1667,-12.9
112.2083,-12.3
112.25,-12.9
112.2917,-12.8
112.3333,-12.7
112.375,-12.9
112.4167,-13.1
112.4583,-11.7
112.5,-14.5
112.5417,-15.5
112.5833,-15.4
112.625,-15.9
112.6667,-16.3
112.7083,-16.4
112.75,-16
112.7917,-15.6
112.8333,-16.4
112.875,-15.8
112.9167,-15.7
112.9583,-15.9
113,-15.8
113.0417,-16
113.0833,-16.3
113.125,-17.1
113.1667,-18
113.2083,-18.3
113.25,-18.5
113.2917,-18.1
113.3333,-19.4
113.375,-18.5
113.4167,-18.1
113.4583,-18.7
113.5,-18.4
113.5417,-17.7
113.5833,-15.3
113.625,-15
113.6667,-17.6
113.7083,-18.1
113.75,-17.9
113.7917,-18.1
113.8333,-18.3
113.875,-18
113.9167,-18.5
113.9583,-19.9
114,-21.2
114.0417,-20.5
114.0833,-20.1
114.125,-18.9
114.1667,-17.2
114.2083,-22.7
114.25,-22.2
114.2917,-20.3
114.3333,-18.6
114.375,-19.2
114.4167,-18.9
114.4583,-18.9
114.5,-18.3
114.5417,-18.8
114.5833,-17.8
114.625,-20.2
114.6667,-19.5
114.7083,-19.4
114.75,-21.2
114.7917,-23.5
114.8333,-22
114.875,-20
114.9167,-19.3
114.9583,-19.4
115,-20.4
115.0417,-21.2
115.0833,-21.2
115.125,-20.6
115.1667,-20.1
115.2083,-20.7
115.25,-23.8
115.2917,-27.5
115.3333,-26.7
115.375,-28.5
115.4167,-27.3
115.4583,-28
115.5,-26.9
115.5417,-28.8
115.5833,-28.7
115.625,-28.1
115.6667,-29.6
115.7083,-29.6
115.75,-27
115.7917,-25.6
115.8333,-24.9
115.875,-24.2
115.9167,-24.2
115.9583,-24.3
116,-24.9
116.0417,-24
116.0833,-24
116.125,-23.3
116.1667,-23.7
116.2083,-23.3
116.25,-23.7
116.2917,-24.3
116.3333,-24
116.375,-23.4
116.4167,-24.6
116.4583,-24.3
116.5,-24.9
116.5417,-24.6
116.5833,-23.7
116.625,-24.4
116.6667,-22.8
116.7083,-22.5
116.75,-26.5
116.7917,-26.5
116.8333,-32.3
116.875,-32.2
116.9167,-31.7
116.9583,-30.2
117,-29.2
117.0417,-28.9
117.0833,-30.3
117.125,-29.1
117.1667,-27.9
117.2083,-27.6
117.25,-31
117.2917,-34.7
117.3333,-35.2
117.375,-32.7
117.4167,-35
117.4583,-33.3
117.5,-30.7
117.5417,-33.7
117.5833,-29
117.625,-34
117.6667,-35
117.7083,-34.2
117.75,-32.5
117.7917,-33.7
117.8333,-35.7
117.875,-30.8
117.9167,-32
117.9583,-33.6
118,-33.5
118.0417,-32.5
118.0833,-35.2
118.125,-28.1
118.1667,-29.1
118.2083,-32.7
118.25,-33.8
118.2917,-31
118.3333,-31.7
118.375,-27.2
118.4167,-26.2
118.4583,-25.4
118.5,-25.8
118.5417,-25.7
118.5833,-33.7
118.625,-31.2
118.6667,-39.2
118.7083,-34.4
118.75,-30.8
118.7917,-36.2
118.8333,-38.4
118.875,-40.6
118.9167,-37.2
118.9583,-34.3
119,-33
119.0417,-27.8
119.0833,-26.9
119.125,-28.8
119.1667,-28.5
119.2083,-29.4
119.25,-28.7
119.2917,-29.7
119.3333,-29.8
119.375,-31.2
119.4167,-33.4
119.4583,-32.2
119.5,-32.5
119.5417,-32.6
119.5833,-35.3
119.625,-35
119.6667,-41.8
119.7083,-35.2
119.75,-35.2
119.7917,-35.1
119.8333,-40.7
119.875,-37.6
119.9167,-35.4
119.9583,-39.7
120,-40.6
120.0417,-35.7
120.0833,-34.3
120.125,-41.4
120.1667,-37.5
120.2083,-36.7
120.25,-36.4
120.2917,-33.3
120.3333,-36.5
120.375,-33.6
120.4167,-35.1
120.4583,-34.1
120.5,-36.7
120.5417,-34.8
120.5833,-34.1
120.625,-38.4
120.6667,-33.2
120.7083,-32.6
120.75,-33.9
120.7917,-34.6
120.8333,-35.1
120.875,-34.2
120.9167,-34
120.9583,-33.1
121,-33.1
121.0417,-35.1
121.0833,-34.3
121.125,-32
121.1667,-41.4
121.2083,-39
121.25,-40.9
121.2917,-33.4
121.3333,-29.4
121.375,-29.9
121.4167,-34
121.4583,-31.2
121.5,-31.3
121.5417,-31.3
121.5833,-31.6
121.625,-31.2
121.6667,-31.6
121.7083,-32.2
121.75,-31.8
121.7917,-35.4
121.8333,-40.5
121.875,-37.8
121.9167,-37
121.9583,-39.2
122,-40
122.0417,-38.9
122.0833,-38.5
122.125,-38
122.1667,-38.8
122.2083,-37.1
122.25,-38.6
122.2917,-37
122.3333,-36.9
122.375,-35.1
122.4167,-36.8
122.4583,-36
122.5,-36
122.5417,-38.3
122.5833,-34
122.625,-34.9
122.6667,-35.7
122.7083,-36.4
122.75,-38.1
122.7917,-36.1
122.8333,-35.5
122.875,-36.7
122.9167,-39.6
122.9583,-36.2
401,-30.3
401.0417,-32.4
401.0833,-28.6
401.125,-31.3
401.1667,-36.4
401.2083,-39
401.25,-36.5
401.2917,-33.8
401.3333,-34
401.375,-32.7
401.4167,-30.4
401.4583,-31.4
401.5,-31
401.5417,-29.7
401.5833,-29.6
401.625,-29
401.6667,-27.3
401.7083,-28.8
401.75,-35.8
401.7917,-34.7
401.8333,-33.8
401.875,-33.4
401.9167,-34.7
401.9583,-34.5
402,-35.1
402.0417,-36.2
402.0833,-35.1
402.125,-35.3
402.1667,-33.6
402.2083,-33.3
402.25,-34.8
402.2917,-36.6
402.3333,-38
402.375,-37.7
402.4167,-35.4
402.4583,-36.7
402.5,-35.8
402.5417,-34.5
402.5833,-34.2
402.625,-34.1
402.6667,-32.9
402.7083,-34.2
402.75,-32.1
402.7917,-30.9
402.8333,-37.6
402.875,-32.4
402.9167,-31.5
402.9583,-40.5
403,-41.1
403.0417,-40.4
403.0833,-41.6
403.125,-38.6
403.1667,-30.7
403.2083,-29.8
403.25,-36.7
403.2917,-29.4
403.3333,-27.8
403.375,-26.9
403.4167,-31.9
403.4583,-33.2
403.5,-28.7
403.5417,-25.4
403.5833,-23.9
403.625,-31.1
403.6667,-29.7
403.7083,-25.5
403.75,-26
403.7917,-26.7
403.8333,-26
403.875,-30.4
403.9167,-29.9
403.9583,-23
404,-15.9
404.0417,-17.3
404.0833,-19.1
404.125,-18.5
404.1667,-18.5
404.2083,-16.5
404.25,-16.4
404.2917,-14.3
404.3333,-13.8
404.375,-18.7
404.4167,-14.4
404.4583,-13
404.5,-27.1
404.5417,-25.3
404.5833,-24.3
404.625,-26.6
404.6667,-22.9
404.7083,-18.9
404.75,-26.2
404.7917,-27.1
404.8333,-27.2
404.875,-27.6
404.9167,-30.6
404.9583,-30.5
405,-30.5
405.0417,-28.2
405.0833,-29.3
405.125,-29.9
405.1667,-30
405.2083,-30
405.25,-28.5
405.2917,-27.8
405.3333,-28.3
405.375,-29.9
405.4167,-30.2
405.4583,-28.4
405.5,-33.2
405.5417,-31.7
405.5833,-29.2
405.625,-29.8
405.6667,-29.9
405.7083,-28.7
405.75,-27.6
405.7917,-24.1
405.8333,-28.2
405.875,-31.5
405.9167,-31.7
405.9583,-34.9
406,-32.2
406.0417,-29.9
406.0833,-22.6
406.125,-28.6
406.1667,-29.3
406.2083,-23.8
406.25,-23.7
406.2917,-22.6
406.3333,-22
406.375,-20.6
406.4167,-25.7
406.4583,-26
406.5,-23.2
406.5417,-19.8
406.5833,-19.4
406.625,-19.7
406.6667,-27.6
406.7083,-26.8
406.75,-26
406.7917,-22.8
406.8333,-20.7
406.875,-18.8
406.9167,-19.1
406.9583,-18.7
407,-22.1
407.0417,-21.3
407.0833,-20
407.125,-21.5
407.1667,-23
407.2083,-23.4
407.25,-22.5
407.2917,-24.5
407.3333,-28.8
407.375,-30.5
407.4167,-29.8
407.4583,-30.7
407.5,-31.1
407.5417,-31.3
407.5833,-31.6
407.625,-31.4
407.6667,-30.8
407.7083,-30.6
407.75,-30.4
407.7917,-28.8
407.8333,-27.5
407.875,-28.4
407.9167,-28.3
407.9583,-31.3
408,-31.3
408.0417,-32.7
408.0833,-34.6
408.125,-31.2
408.1667,-30.9
408.2083,-27.2
408.25,-28.3
408.2917,-28.1
408.3333,-25.7
408.375,-23.3
408.4167,-25.5
408.4583,-24.9
408.5,-24.3
408.5417,-25.1
408.5833,-25.8
408.625,-25.4
408.6667,-28.1
408.7083,-29.1
408.75,-30.5
408.7917,-28.9
408.8333,-28.6
408.875,-27.7
408.9167,-28
408.9583,-28.6
409,-32
409.0417,-32.5
409.0833,-26.1
409.125,-27.2
409.1667,-25.5
409.2083,-22.6
409.25,-21
409.2917,-20.8
409.3333,-26.8
409.375,-25.6
409.4167,-18.5
409.4583,-17.3
409.5,-17.3
409.5417,-17.7
409.5833,-18.2
409.625,-18.3
409.6667,-17.4
409.7083,-18.1
409.75,-22.8
409.7917,-23.7
409.8333,-17.8
409.875,-17.9
409.9167,-17.7
409.9583,-17.4
410,-17
410.0417,-17
410.0833,-17.4
410.125,-17.1
410.1667,-17.5
410.2083,-16.3
410.25,-15.4
410.2917,-15.2
410.3333,-15.3
410.375,-15.9
410.4167,-16
410.4583,-16.2
410.5,-14.7
410.5417,-14.2
410.5833,-13.9
410.625,-17.2
410.6667,-17
410.7083,-14.7
410.75,-14.4
410.7917,-13.6
410.8333,-14.4
410.875,-17.2
410.9167,-14.7
410.9583,-16.8
411,-15.5
411.0417,-16.5
411.0833,-16
411.125,-15.6
411.1667,-15.7
411.2083,-15.8
411.25,-17.6
411.2917,-19.8
411.3333,-22.5
411.375,-24.2
411.4167,-24.1
411.4583,-24.2
411.5,-23.8
411.5417,-24.5
411.5833,-24.6
411.625,-25.1
411.6667,-20.4
411.7083,-20.9
411.75,-23.4
411.7917,-24.5
411.8333,-19.6
411.875,-22.5
411.9167,-19.8
411.9583,-20.2
412,-20.3
412.0417,-20.5
412.0833,-20.5
412.125,-23.8
412.1667,-24.4
412.2083,-26.4
412.25,-26.4
412.2917,-24.7
412.3333,-24.7
412.375,-24.5
412.4167,-25
412.4583,-31.9
412.5,-33.1
412.5417,-31.2
412.5833,-34
412.625,-34.8
412.6667,-32
412.7083,-30.2
412.75,-29.5
412.7917,-28.7
412.8333,-29
412.875,-33.6
412.9167,-30.5
412.9583,-30
413,-29.5
413.0417,-29.9
413.0833,-32.6
413.125,-31.5
413.1667,-32.5
413.2083,-30.1
413.25,-29.8
413.2917,-28.3
413.3333,-29
413.375,-28.2
413.4167,-27.6
413.4583,-27.9
413.5,-26.9
413.5417,-30.3
413.5833,-30.3
413.625,-28.1
413.6667,-29.6
413.7083,-28.9
413.75,-28.7
413.7917,-29.1
413.8333,-29.4
413.875,-29.6
413.9167,-30.6
413.9583,-31.3
414,-32.9
414.0417,-35.6
414.0833,-35.3
414.125,-33
414.1667,-35.3
414.2083,-34.6
414.25,-32.9
414.2917,-31.1
414.3333,-30.3
414.375,-29.9
414.4167,-28.6
414.4583,-28.1
414.5,-28.1
414.5417,-28.4
414.5833,-28
414.625,-29.2
414.6667,-29.1
414.7083,-27.8
414.75,-27.6
414.7917,-26.6
414.8333,-27.7
414.875,-27.5
414.9167,-27.4
414.9583,-27.2
415,-27
415.0417,-27.6
415.0833,-28
415.125,-27.3
415.1667,-26.6
415.2083,-27.4
415.25,-28.1
415.2917,-28.8
415.3333,-28.5
415.375,-27.4
415.4167,-28.6
415.4583,-30
415.5,-31
415.5417,-30.5
415.5833,-29.3
415.625,-30.2
415.6667,-29.4
415.7083,-30.3
415.75,-29.1
415.7917,-29.1
415.8333,-31.5
415.875,-29.7
415.9167,-27.3
415.9583,-31
416,-30
416.0417,-28.6
416.0833,-28.8
416.125,-29
416.1667,-29.3
416.2083,-29.7
416.25,-29.8
416.2917,-30.4
416.3333,-30.5
416.375,-30.1
416.4167,-30.5
416.4583,-31.1
416.5,-31.9
416.5417,-32
416.5833,-31.7
416.625,-31.4
416.6667,-31.2
416.7083,-31.1
416.75,-30.7
416.7917,-30.6
416.8333,-31.3
416.875,-32.5
416.9167,-30.9
416.9583,-30.7
417,-31.2
417.0417,-30.7
417.0833,-30.8
417.125,-32
417.1667,-32.8
417.2083,-31.3
417.25,-26.4
417.2917,-25.8
417.3333,-29.3
417.375,-30.9
417.4167,-31.2
417.4583,-32.9
417.5,-31
417.5417,-33.8
417.5833,-32.3
417.625,-23.8
417.6667,-26.1
417.7083,-29.2
417.75,-25.7
417.7917,-27.2
417.8333,-24.7
417.875,-25.8
417.9167,-23.3
417.9583,-22.1
418,-21.9
418.0417,-26.5
418.0833,-26.2
418.125,-26.5
418.1667,-26.9
418.2083,-24
418.25,-23
418.2917,-21.9
418.3333,-23.2
418.375,-22.7
418.4167,-22.1
418.4583,-22.1
418.5,-22.9
418.5417,-25.3
418.5833,-23.6
418.625,-23.7
418.6667,-25.2
418.7083,-25.5
418.75,-25.2
418.7917,-26.1
418.8333,-27.4
418.875,-30
418.9167,-30.3
418.9583,-29.9
419,-32.4
419.0417,-33.2
419.0833,-30.1
419.125,-29
419.1667,-33.3
419.2083,-31.8
419.25,-30.1
419.2917,-29.9
419.3333,-30.1
419.375,-28.1
419.4167,-31.5
419.4583,-31.3
419.5,-29.8
419.5417,-33.4
419.5833,-30.6
419.625,-32.7
419.6667,-32.9
419.7083,-33.9
419.75,-34.9
419.7917,-39.7
419.8333,-39.1
419.875,-39.2
419.9167,-35.3
419.9583,-35.9
420,-35.1
420.0417,-43.1
420.0833,-40
420.125,-36.4
420.1667,-34.6
420.2083,-39.2
420.25,-37.6
420.2917,-38.6
420.3333,-36.4
420.375,-40.5
420.4167,-38
420.4583,-37.6
420.5,-36.9
420.5417,-35.8
420.5833,-36
420.625,-35.2
420.6667,-36
420.7083,-40.2
420.75,-39.2
420.7917,-36.8
420.8333,-37.9
420.875,-37.9
420.9167,-37.1
420.9583,-38.3
421,-37.6
421.0417,-37.2
421.0833,-36.1
421.125,-35.7
421.1667,-37.1
421.2083,-37
421.25,-37.2
421.2917,-37.4
421.3333,-37.5
421.375,-37.6
421.4167,-37.9
421.4583,-38.4
421.5,-37.7
421.5417,-38.1
421.5833,-37.8
421.625,-37.3
421.6667,-42.8
421.7083,-43.6
421.75,-45.2
421.7917,-45.4
421.8333,-42.4
421.875,-36.6
421.9167,-41.5
421.9583,-39.5
422,-42.9
422.0417,-40
422.0833,-42.3
422.125,-43
422.1667,-44.1
422.2083,-44
422.25,-43
422.2917,-39.3
422.3333,-40.7
422.375,-40.5
422.4167,-39.4
422.4583,-41.8
422.5,-44.7
422.5417,-43.6
422.5833,-42.4
422.625,-39.7
422.6667,-37.1
422.7083,-43.8
422.75,-46.4
422.7917,-47.9
422.8333,-47
422.875,-46.2
422.9167,-43.9
422.9583,-44.6
423,-48.1
423.0417,-48.7
423.0833,-46.7
423.125,-45.3
423.1667,-43.6
423.2083,-36.4
423.25,-36.5
423.2917,-48.1
423.3333,-44.2
423.375,-41.8
423.4167,-39.9
423.4583,-37.2
423.5,-36.7
423.5417,-38.1
423.5833,-36.9
423.625,-36.8
423.6667,-36.3
423.7083,-37.6
423.75,-37.2
423.7917,-37.2
423.8333,-36.9
423.875,-37.4
423.9167,-37.1
423.9583,-37
424,-41.7
424.0417,-40.9
424.0833,-37.9
424.125,-37.8
424.1667,-40.9
424.2083,-37.7
424.25,-40.7
424.2917,-40.6
424.3333,-43.3
424.375,-46.7
424.4167,-38.1
424.4583,-42.1
424.5,-41.7
424.5417,-38.8
424.5833,-39
424.625,-42.1
424.6667,-44.7
424.7083,-44.9
424.75,-48.3
424.7917,-40.3
424.8333,-38.2
424.875,-36.4
424.9167,-36.2
424.9583,-39.5
425,-41.1
425.0417,-43.2
425.0833,-42.2
425.125,-35.6
425.1667,-30.9
425.2083,-31.5
425.25,-30.6
425.2917,-30.8
425.3333,-31
425.375,-30.8
425.4167,-32.4
425.4583,-30.7
425.5,-29.6
425.5417,-36.4
425.5833,-37.7
425.625,-41
425.6667,-40.1
425.7083,-38.2
425.75,-39
425.7917,-38.4
425.8333,-34.7
425.875,-30.7
425.9167,-35.5
425.9583,-31.2
426,-34.3
426.0417,-35.5
426.0833,-39.8
426.125,-39.4
426.1667,-39.7
426.2083,-39.4
426.25,-40.7
426.2917,-40.5
426.3333,-39.9
426.375,-38.8
426.4167,-37.4
426.4583,-37.6
426.5,-42
426.5417,-41.6
426.5833,-43.4
426.625,-44.6
426.6667,-44.9
426.7083,-45.2
426.75,-44.9
426.7917,-44.9
426.8333,-45.9
426.875,-46.5
426.9167,-45.6
426.9583,-46.7
427,-41.8
427.0417,-39.1
427.0833,-38.1
427.125,-38.4
427.1667,-38.9
427.2083,-38.6
427.25,-40.3
427.2917,-39.8
427.3333,-39.8
427.375,-39.2
427.4167,-38.4
427.4583,-37.6
427.5,-40.4
427.5417,-38.9
427.5833,-38.5
427.625,-39
427.6667,-38.3
427.7083,-37
427.75,-36.3
427.7917,-35.3
427.8333,-34
427.875,-33.8
427.9167,-36.1
427.9583,-37.9
428,-42.1
428.0417,-40.4
428.0833,-38.5
428.125,-36.4
428.1667,-42.2
428.2083,-38.7
428.25,-41
428.2917,-38.7
428.3333,-39.2
428.375,-42.9
428.4167,-44.4
428.4583,-42.6
428.5,-45.8
428.5417,-46.5
428.5833,-46.5
428.625,-43.3
428.6667,-41.6
428.7083,-42.3
428.75,-41.5
428.7917,-42.6
428.8333,-41.5
428.875,-38.7
428.9167,-41.6
428.9583,-37.8
429,-46.9
429.0417,-41.7
429.0833,-41.6
429.125,-48.3
429.1667,-45.6
429.2083,-41.5
429.25,-42.1
429.2917,-38.7
429.3333,-34.5
429.375,-40.4
429.4167,-40.7
429.4583,-39.2
429.5,-40
429.5417,-39.9
429.5833,-37.7
429.625,-39.6
429.6667,-36.7
429.7083,-34
429.75,-33.7
429.7917,-31.9
429.8333,-33.5
429.875,-36.1
429.9167,-35.8
429.9583,-34.1
430,-36.4
430.0417,-42.8
430.0833,-42.3
430.125,-43.1
430.1667,-42.7
430.2083,-41.7
430.25,-39.4
430.2917,-40.2
430.3333,-43.2
430.375,-46
430.4167,-46.1
430.4583,-46.7
430.5,-45.7
430.5417,-49.4
430.5833,-37.9
430.625,-41.2
430.6667,-37.7
430.7083,-36.6
430.75,-36.8
430.7917,-38.5
430.8333,-38.2
430.875,-37.1
430.9167,-38.1
430.9583,-36.7
431,-37.8
431.0417,-36.6
431.0833,-37
431.125,-37.6
431.1667,-40.2
431.2083,-40.7
431.25,-44.1
431.2917,-43.3
431.3333,-42.1
431.375,-42.1
431.4167,-42.1
431.4583,-40.3
431.5,-38
431.5417,-38.3
431.5833,-39.6
431.625,-41.1
431.6667,-44.6
431.7083,-42.6
431.75,-42.8
431.7917,-43.3
431.8333,-41
431.875,-38
431.9167,-37.8
431.9583,-40.9
501,-36.9
501.0417,-33.8
501.0833,-31.4
501.125,-34.9
501.1667,-34.7
501.2083,-39.1
501.25,-36.2
501.2917,-40.4
501.3333,-40.8
501.375,-38.4
501.4167,-35
501.4583,-31
501.5,-34
501.5417,-31.4
501.5833,-31.4
501.625,-31.3
501.6667,-41.8
501.7083,-39.5
501.75,-40.1
501.7917,-32.4
501.8333,-33.9
501.875,-33.9
501.9167,-32.8
501.9583,-35.5
502,-34.7
502.0417,-33.9
502.0833,-33.8
502.125,-35.1
502.1667,-36.3
502.2083,-37.2
502.25,-38.1
502.2917,-37.3
502.3333,-37
502.375,-36.6
502.4167,-34.9
502.4583,-30.9
502.5,-31.6
502.5417,-27
502.5833,-27.1
502.625,-26.4
502.6667,-26.4
502.7083,-26.6
502.75,-27.3
502.7917,-26.8
502.8333,-26.1
502.875,-25.2
502.9167,-23.4
502.9583,-22.7
503,-21
503.0417,-21.6
503.0833,-21.5
503.125,-21.1
503.1667,-20.4
503.2083,-20.5
503.25,-19.9
503.2917,-19.6
503.3333,-23.3
503.375,-20
503.4167,-18.7
503.4583,-18.9
503.5,-18.8
503.5417,-18.6
503.5833,-18.1
503.625,-18.6
503.6667,-19.7
503.7083,-29.2
503.75,-29
503.7917,-27.8
503.8333,-28.4
503.875,-28.7
503.9167,-29.6
503.9583,-26.7
504,-27.1
504.0417,-31.3
504.0833,-29.1
504.125,-30.7
504.1667,-30.6
504.2083,-30
504.25,-25.1
504.2917,-24.6
504.3333,-22.8
504.375,-26
504.4167,-26.1
504.4583,-25.9
504.5,-25.8
504.5417,-24.8
504.5833,-24.3
504.625,-24.8
504.6667,-26.2
504.7083,-26
504.75,-26.1
504.7917,-26
504.8333,-25.5
504.875,-25.1
504.9167,-26.5
504.9583,-25.8
505,-26.2
505.0417,-25.8
505.0833,-25.1
505.125,-24.4
505.1667,-26.3
505.2083,-26.4
505.25,-25.5
505.2917,-23.7
505.3333,-23.5
505.375,-24.7
505.4167,-25.5
505.4583,-26.7
505.5,-25.2
505.5417,-25.5
505.5833,-25
505.625,-27.5
505.6667,-27.3
505.7083,-26.7
505.75,-27.2
505.7917,-28
505.8333,-28
505.875,-28.1
505.9167,-28
505.9583,-27.4
506,-27.8
506.0417,-28.4
506.0833,-29.7
506.125,-29.5
506.1667,-30.4
506.2083,-30.1
506.25,-29.6
506.2917,-28.5
506.3333,-27.9
506.375,-27.3
506.4167,-26.7
506.4583,-26.6
506.5,-26.3
506.5417,-25.4
506.5833,-25.8
506.625,-26.3
506.6667,-26.8
506.7083,-25.6
506.75,-26.4
506.7917,-25.6
506.8333,-25.6
506.875,-24.9
506.9167,-23.9
506.9583,-24.7
507,-24.4
507.0417,-24.6
507.0833,-25.1
507.125,-24.6
507.1667,-23.7
507.2083,-23.1
507.25,-22.6
507.2917,-22.7
507.3333,-22.5
507.375,-23.2
507.4167,-23.4
507.4583,-23.3
507.5,-22.1
507.5417,-22.9
507.5833,-23.2
507.625,-24.1
507.6667,-23.8
507.7083,-25.2
507.75,-26.6
507.7917,-26.4
507.8333,-26.5
507.875,-26.6
507.9167,-25.7
507.9583,-25.9
508,-24.9
508.0417,-24.2
508.0833,-25.1
508.125,-24.5
508.1667,-23.9
508.2083,-25.3
508.25,-26.9
508.2917,-27.1
508.3333,-28.4
508.375,-27.9
508.4167,-35
508.4583,-31
508.5,-31.5
508.5417,-25.4
508.5833,-34.1
508.625,-28.7
508.6667,-30.7
508.7083,-33.3
508.75,-34.5
508.7917,-32.7
508.8333,-35.2
508.875,-30.5
508.9167,-31.1
508.9583,-33.5
509,-32.5
509.0417,-32.8
509.0833,-33.1
509.125,-33.7
509.1667,-34.9
509.2083,-35.2
509.25,-35
509.2917,-31.8
509.3333,-31.1
509.375,-31.4
509.4167,-26.4
509.4583,-22.8
509.5,-21.9
509.5417,-22.2
509.5833,-21.8
509.625,-20.1
509.6667,-19.7
509.7083,-19.9
509.75,-20.6
509.7917,-19.4
509.8333,-18.9
509.875,-18.8
509.9167,-18.9
509.9583,-18.6
510,-18.9
510.0417,-19.1
510.0833,-18.9
510.125,-17.5
510.1667,-16.9
510.2083,-17.5
510.25,-17.2
510.2917,-16.7
510.3333,-16.5
510.375,-17.1
510.4167,-15.9
510.4583,-15.9
510.5,-16
510.5417,-15.5
510.5833,-15.5
510.625,-15.4
510.6667,-16.4
510.7083,-16.6
510.75,-16.7
510.7917,-16.4
510.8333,-16.2
510.875,-15.9
510.9167,-15.7
510.9583,-14
511,-13.5
511.0417,-12.8
511.0833,-12.3
511.125,-11.7
511.1667,-12
511.2083,-12
511.25,-11.6
511.2917,-11.5
511.3333,-11.1
511.375,-11
511.4167,-10.9
511.4583,-10.9
511.5,-10.9
511.5417,-10.9
511.5833,-10.7
511.625,-10.6
511.6667,-10.3
511.7083,-10.1
511.75,-10.2
511.7917,-10.1
511.8333,-9.7
511.875,-9.6
511.9167,-9.7
511.9583,-9.4
512,-9.2
512.0417,-8.9
512.0833,-8.9
512.125,-8.7
512.1667,-8.9
512.2083,-8.8
512.25,-8.7
512.2917,-9.1
512.3333,-9.1
512.375,-8.8
512.4167,-9
512.4583,-9
512.5,-9.6
512.5417,-9.8
512.5833,-10
512.625,-9.8
512.6667,-9.8
512.7083,-9.8
512.75,-9.6
512.7917,-9.3
512.8333,-9.7
512.875,-9.9
512.9167,-9.8
512.9583,-9.9
513,-10
513.0417,-10.1
513.0833,-10.7
513.125,-11.3
513.1667,-11.7
513.2083,-11.8
513.25,-11.3
513.2917,-12.6
513.3333,-12.6
513.375,-12.2
513.4167,-12.5
513.4583,-14
513.5,-16.3
513.5417,-16.6
513.5833,-17.5
513.625,-19
513.6667,-16.4
513.7083,-15.9
513.75,-17
513.7917,-16
513.8333,-17.6
513.875,-19
513.9167,-16.4
513.9583,-12.6
514,-13.2
514.0417,-12.9
514.0833,-13.1
514.125,-13
514.1667,-15.4
514.2083,-13.3
514.25,-12.9
514.2917,-12.4
514.3333,-12.3
514.375,-10.8
514.4167,-11.3
514.4583,-10.7
514.5,-10.4
514.5417,-9.9
514.5833,-11.8
514.625,-11.3
514.6667,-11.1
514.7083,-11
514.75,-10.7
514.7917,-11.3
514.8333,-11.3
514.875,-10.5
514.9167,-9.6
514.9583,-11
515,-9.7
515.0417,-10.5
515.0833,-11
515.125,-10.2
515.1667,-10.9
515.2083,-10.6
515.25,-11.6
515.2917,-10.1
515.3333,-15.1
515.375,-14.7
515.4167,-14.3
515.4583,-13.4
515.5,-13.7
515.5417,-11.6
515.5833,-11.8
515.625,-16.9
515.6667,-20
515.7083,-17.4
515.75,-18.3
515.7917,-23.1
515.8333,-24.4
515.875,-24.5
515.9167,-20.3
515.9583,-25.4
516,-25.9
516.0417,-23.4
516.0833,-21.7
516.125,-23
516.1667,-23.4
516.2083,-22.1
516.25,-21.8
516.2917,-21.9
516.3333,-20.8
516.375,-24.8
516.4167,-20.9
516.4583,-19.4
516.5,-25.3
516.5417,-22.1
516.5833,-18.5
516.625,-18.2
516.6667,-23.3
516.7083,-23
516.75,-24.2
516.7917,-24.9
516.8333,-26.4
516.875,-28.4
516.9167,-26.6
516.9583,-26.5
517,-28.4
517.0417,-27.3
517.0833,-27.1
517.125,-29.4
517.1667,-26.5
517.2083,-27.2
517.25,-22.4
517.2917,-28.6
517.3333,-28.1
517.375,-31.8
517.4167,-33.9
517.4583,-32
517.5,-33
517.5417,-31.6
517.5833,-31.3
517.625,-28
517.6667,-27.2
517.7083,-30.8
517.75,-29.3
517.7917,-27.1
517.8333,-25.5
517.875,-27.3
517.9167,-25.8
517.9583,-24.2
518,-24.5
518.0417,-22.3
518.0833,-24.2
518.125,-26.2
518.1667,-28.3
518.2083,-30.3
518.25,-30.2
518.2917,-28.6
518.3333,-32.6
518.375,-32.9
518.4167,-32.9
518.4583,-28.9
518.5,-29.5
518.5417,-30.7
518.5833,-30.3
518.625,-28.4
518.6667,-27.4
518.7083,-24.9
518.75,-28.2
518.7917,-23.7
518.8333,-26.2
518.875,-24.6
518.9167,-24.3
518.9583,-24
519,-22.5
519.0417,-28.6
519.0833,-28.1
519.125,-29.1
519.1667,-29.1
519.2083,-26.4
519.25,-26.2
519.2917,-28.6
519.3333,-27.5
519.375,-32.6
519.4167,-29.6
519.4583,-25.9
519.5,-26.3
519.5417,-27.9
519.5833,-26.1
519.625,-24.1
519.6667,-23.3
519.7083,-21.5
519.75,-20.7
519.7917,-20.8
519.8333,-20.4
519.875,-20.3
519.9167,-23.1
519.9583,-24
520,-24.4
520.0417,-24.1
520.0833,-24.3
520.125,-24.6
520.1667,-24
520.2083,-24
520.25,-24.8
520.2917,-24.2
520.3333,-22.9
520.375,-27.3
520.4167,-25.8
520.4583,-25.4
520.5,-27.1
520.5417,-24.7
520.5833,-24.9
520.625,-27.5
520.6667,-28.6
520.7083,-26
520.75,-30.5
520.7917,-29.1
520.8333,-27.5
520.875,-29.1
520.9167,-28.6
520.9583,-28.1
521,-26.9
521.0417,-20.3
521.0833,-19.6
521.125,-19.2
521.1667,-19.7
521.2083,-20.6
521.25,-20.8
521.2917,-21.2
521.3333,-21.5
521.375,-22.1
521.4167,-22.5
521.4583,-23.1
521.5,-23.1
521.5417,-22.2
521.5833,-22.6
521.625,-24.4
521.6667,-25.4
521.7083,-26.7
521.75,-27.2
521.7917,-27.3
521.8333,-28.2
521.875,-27.3
521.9167,-26.5
521.9583,-25.9
522,-26.2
522.0417,-26
522.0833,-28.2
522.125,-29.4
522.1667,-30.6
522.2083,-30.9
522.25,-31
522.2917,-30
522.3333,-29.3
522.375,-28.2
522.4167,-27.8
522.4583,-27.3
522.5,-26.8
522.5417,-25.6
522.5833,-23.6
522.625,-23.4
522.6667,-21.7
522.7083,-24.2
522.75,-21.6
522.7917,-21.5
522.8333,-21.7
522.875,-20.4
522.9167,-22.9
522.9583,-21.9
523,-22.3
523.0417,-23.1
523.0833,-23.3
523.125,-23.3
523.1667,-22.6
523.2083,-22.4
523.25,-23
523.2917,-23.7
523.3333,-22.2
523.375,-20
523.4167,-19.7
523.4583,-18.9
523.5,-18.6
523.5417,-18.6
523.5833,-18.8
523.625,-21
523.6667,-20.2
523.7083,-20.8
523.75,-20.1
523.7917,-19.7
523.8333,-19.1
523.875,-21.7
523.9167,-22.2
523.9583,-22.4
524,-21.6
524.0417,-21.4
524.0833,-21.3
524.125,-22.5
524.1667,-21.4
524.2083,-21
524.25,-21.5
524.2917,-20.3
524.3333,-22.5
524.375,-20.5
524.4167,-21.2
524.4583,-22.3
524.5,-22.9
524.5417,-21.4
524.5833,-22.9
524.625,-20.8
524.6667,-20.7
524.7083,-20.4
524.75,-21
524.7917,-20.9
524.8333,-23.4
524.875,-23.9
524.9167,-27.5
524.9583,-24.9
525,-31.5
525.0417,-25
525.0833,-24.5
525.125,-24.1
525.1667,-25.8
525.2083,-24
525.25,-23.4
525.2917,-24.3
525.3333,-27.2
525.375,-26.7
525.4167,-26.1
525.4583,-26.4
525.5,-20.5
525.5417,-26.5
525.5833,-25.3
525.625,-25.4
525.6667,-23.7
525.7083,-22.6
525.75,-21.6
525.7917,-20.8
525.8333,-22.1
525.875,-23.1
525.9167,-24.4
525.9583,-25
526,-26.8
526.0417,-28.7
526.0833,-29
526.125,-29.4
526.1667,-29.6
526.2083,-29.7
526.25,-29.5
526.2917,-28.8
526.3333,-28.8
526.375,-28
526.4167,-27.8
526.4583,-28.2
526.5,-28.2
526.5417,-28.3
526.5833,-27.9
526.625,-26.7
526.6667,-25.2
526.7083,-18.8
526.75,-18.2
526.7917,-23.5
526.8333,-20
526.875,-23
526.9167,-23.7
526.9583,-24.3
527,-26.6
527.0417,-28.4
527.0833,-28.8
527.125,-28
527.1667,-28.2
527.2083,-27.9
527.25,-25.9
527.2917,-22.5
527.3333,-23.3
527.375,-23.7
527.4167,-22.6
527.4583,-22.1
527.5,-21.6
527.5417,-22.2
527.5833,-21.4
527.625,-20.1
527.6667,-20.7
527.7083,-25.6
527.75,-25.6
527.7917,-25.3
527.8333,-25.2
527.875,-25.4
527.9167,-25.3
527.9583,-23.8
528,-23
528.0417,-24.6
528.0833,-23.6
528.125,-23.8
528.1667,-23
528.2083,-22.6
528.25,-23.4
528.2917,-22
528.3333,-20.7
528.375,-20.4
528.4167,-20.8
528.4583,-20.7
528.5,-20.6
528.5417,-21.3
528.5833,-20.9
528.625,-20.3
528.6667,-19
528.7083,-18.1
528.75,-18.3
528.7917,-18.6
528.8333,-18.3
528.875,-17.9
528.9167,-18.4
528.9583,-18.4
529,-18.3
529.0417,-17.1
529.0833,-17.6
529.125,-17.7
529.1667,-17.3
529.2083,-18.1
529.25,-18.4
529.2917,-18.3
529.3333,-18.4
529.375,-18.6
529.4167,-19
529.4583,-19.5
529.5,-19.2
529.5417,-19.6
529.5833,-20
529.625,-19.9
529.6667,-20.2
529.7083,-20
529.75,-19.9
529.7917,-20.2
529.8333,-20.8
529.875,-21.5
529.9167,-22.9
529.9583,-24.2
530,-22.9
530.0417,-21.5
530.0833,-22
530.125,-23.1
530.1667,-22.3
530.2083,-22.6
530.25,-20.7
530.2917,-19.8
530.3333,-22.9
530.375,-22.9
530.4167,-28.1
530.4583,-28.5
530.5,-27.7
530.5417,-27.7
530.5833,-26.5
530.625,-26.3
530.6667,-28.3
530.7083,-26.3
530.75,-27
530.7917,-26.2
530.8333,-26.4
530.875,-26
530.9167,-25.2
530.9583,-21.3
601,-28.4
601.0417,-28.3
601.0833,-28.4
601.125,-23.9
601.1667,-27.2
601.2083,-24.7
601.25,-23.2
601.2917,-20.7
601.3333,-20.2
601.375,-19.3
601.4167,-18.3
601.4583,-18
601.5,-17.7
601.5417,-20.6
601.5833,-18.7
601.625,-17.8
601.6667,-16.8
601.7083,-16.3
601.75,-16.3
601.7917,-17.9
601.8333,-18.2
601.875,-18.4
601.9167,-18.7
601.9583,-18.5
602,-18.9
602.0417,-17.9
602.0833,-16.5
602.125,-17.5
602.1667,-17
602.2083,-17.6
602.25,-17.7
602.2917,-18.5
602.3333,-17.6
602.375,-18.1
602.4167,-18.4
602.4583,-21.7
602.5,-21.7
602.5417,-22.5
602.5833,-22
602.625,-22.7
602.6667,-23.5
602.7083,-23.4
602.75,-23.2
602.7917,-23.5
602.8333,-23.8
602.875,-23.5
602.9167,-24.4
602.9583,-24.6
603,-24.7
603.0417,-24.7
603.0833,-25.1
603.125,-24.8
603.1667,-25
603.2083,-25.1
603.25,-25.4
603.2917,-25.4
603.3333,-25.3
603.375,-25.4
603.4167,-24.5
603.4583,-23.8
603.5,-22.9
603.5417,-22.1
603.5833,-21
603.625,-21.2
603.6667,-21.7
603.7083,-21.8
603.75,-21
603.7917,-21.5
603.8333,-23.7
603.875,-24.6
603.9167,-24.8
603.9583,-25.2
604,-25.4
604.0417,-25.5
604.0833,-25.1
604.125,-24.3
604.1667,-23.7
604.2083,-23.9
604.25,-24.4
604.2917,-24.5
604.3333,-24.2
604.375,-23.9
604.4167,-24.1
604.4583,-24.1
604.5,-24.1
604.5417,-23.7
604.5833,-24.6
604.625,-25.1
604.6667,-26.3
604.7083,-26.1
604.75,-26.1
604.7917,-24.6
604.8333,-24.4
604.875,-23.6
604.9167,-23.1
604.9583,-23.3
605,-23.3
605.0417,-21.7
605.0833,-23.5
605.125,-21.8
605.1667,-20.4
605.2083,-23.4
605.25,-19.6
605.2917,-20.3
605.3333,-20.2
605.375,-20.6
605.4167,-20.4
605.4583,-19.7
605.5,-18.9
605.5417,-21.3
605.5833,-21
605.625,-20.1
605.6667,-20
605.7083,-20.1
605.75,-20
605.7917,-20.1
605.8333,-20.1
605.875,-19.4
605.9167,-19.8
605.9583,-19.7
606,-20
606.0417,-20.1
606.0833,-19.5
606.125,-19.4
606.1667,-19.7
606.2083,-20.6
606.25,-21.2
606.2917,-22
606.3333,-21.5
606.375,-20.9
606.4167,-20.8
606.4583,-19.6
606.5,-20.2
606.5417,-20.8
606.5833,-20.4
606.625,-20.3
606.6667,-20.2
606.7083,-20.8
606.75,-21.1
606.7917,-21.7
606.8333,-21.9
606.875,-20.8
606.9167,-19.9
606.9583,-19.4
607,-26
607.0417,-28.2
607.0833,-28.3
607.125,-27.2
607.1667,-27.4
607.2083,-24.7
607.25,-25.1
607.2917,-24.7
607.3333,-25.1
607.375,-24.5
607.4167,-23.8
607.4583,-23.1
607.5,-22.1
607.5417,-22.6
607.5833,-23.1
607.625,-21.5
607.6667,-23.7
607.7083,-24.1
607.75,-27.2
607.7917,-27.8
607.8333,-28.1
607.875,-27.1
607.9167,-27.4
607.9583,-26.1
608,-27.4
608.0417,-25.4
608.0833,-26.4
608.125,-26.8
608.1667,-27.6
608.2083,-27.8
608.25,-29.9
608.2917,-29.7
608.3333,-23.3
608.375,-21.4
608.4167,-20.2
608.4583,-19.7
608.5,-19.1
608.5417,-17.1
608.5833,-22
608.625,-21.3
608.6667,-21.2
608.7083,-18.9
608.75,-19.9
608.7917,-20.6
608.8333,-18.8
608.875,-18.8
608.9167,-18.4
608.9583,-16.8
609,-17.8
609.0417,-18.4
609.0833,-17.2
609.125,-19
609.1667,-22.4
609.2083,-19.6
609.25,-17.9
609.2917,-17.8
609.3333,-16.8
609.375,-15.5
609.4167,-14.4
609.4583,-13.9
609.5,-13.6
609.5417,-13.4
609.5833,-15.1
609.625,-16.8
609.6667,-16.9
609.7083,-16.8
609.75,-17.3
609.7917,-15.4
609.8333,-18.2
609.875,-18.9
609.9167,-18.6
609.9583,-15.1
610,-14.9
610.0417,-15
610.0833,-15.1
610.125,-15.4
610.1667,-16.9
610.2083,-17.8
610.25,-18.7
610.2917,-19.3
610.3333,-22.4
610.375,-21
610.4167,-20.6
610.4583,-21.3
610.5,-20.6
610.5417,-19.4
610.5833,-19.9
610.625,-19.5
610.6667,-18
610.7083,-21.6
610.75,-22.5
610.7917,-22.2
610.8333,-18.4
610.875,-16.8
610.9167,-15.4
610.9583,-15.5
611,-15.3
